name,sex,age,relation,personality
Ted Mosby,Male,35,"Main character, architect, and college friend of Marshall and Lily", "Ted Mosby is an architect with a romantic and idealistic personality. He believes in finding the one true love and often shares his elaborate and intricate romantic stories with his friends. Despite numerous heartbreaks, Ted remains optimistic about love and is willing to go to great lengths to find his soulmate. He is thoughtful and kind, always ready to support his friends. Ted's passion for architecture often leads him to appreciate the finer details in life. He can be overly analytical at times, but his loyalty and dedication to his friends are unmatched."
Robin Scherbatsky,Female,32,News anchor and Ted's ex-girlfriend, "Robin Scherbatsky is a fiercely independent and ambitious news anchor. She values her career highly and is determined to succeed in the competitive world of broadcast journalism. Robin is tough, straightforward, and often sarcastic, but she has a softer side that she occasionally reveals to her close friends. She struggles with her past as a teenage pop star in Canada but has learned to embrace it over time. Her love for guns and whiskey sets her apart from the typical female character, making her unique and memorable. Robin's friendship with the group, especially with Ted and Barney, adds depth to her character."
Marshall Eriksen,Male,35,"Lawyer, married to Lily Aldrin, college friend of Ted", "Marshall Eriksen is a kind-hearted and optimistic lawyer with a strong moral compass. He is deeply in love with his wife, Lily, and values family and friendship above all else. Marshall's Midwestern roots influence his down-to-earth personality and sense of humor. He is passionate about environmental law and dreams of making a difference in the world. His loyalty and supportive nature make him the backbone of his friend group. Marshall's playful and goofy side often brings comic relief, and his love for supernatural creatures like Bigfoot adds a whimsical touch to his character."
Lily Aldrin,Female,34,"Kindergarten teacher, married to Marshall Eriksen, college friend of Ted", "Lily Aldrin is a vibrant and creative kindergarten teacher with a passion for art. She is married to Marshall Eriksen, and their relationship is one of the central pillars of the series. Lily is fiercely loyal to her friends and often takes on the role of the group's confidante and problem solver. She is ambitious and occasionally struggles with balancing her personal aspirations with her responsibilities. Lily's quirky and sometimes mischievous personality adds a dynamic element to the group. Her love for shopping and her occasional bouts of jealousy provide additional layers to her character. Despite her flaws, Lily's unwavering love for Marshall and her friends makes her an indispensable part of the group."
Barney Stinson,Male,36,"Ted's friend, known for his womanizing and legendary catchphrases", "Barney Stinson is a charismatic and wealthy man known for his extravagant lifestyle and womanizing ways. He works in corporate America and keeps the details of his job a mystery. Barney is infamous for his elaborate schemes and 'plays' to attract women, often using his catchphrases like 'Suit up!' and 'Legendary.' Despite his superficial exterior, Barney has moments of vulnerability and deep emotion, especially regarding his feelings for Robin. His loyalty to his friends, particularly Ted, is unwavering. Barney's character evolves significantly throughout the series as he begins to value genuine connections over his bachelor lifestyle."
Ranjit Singh,Male,50,The gang's friendly cab driver,"Ranjit Singh is the gang's friendly and cheerful cab driver, always ready with a smile and a good story. He is a hardworking and reliable individual who enjoys being part of the group's adventures. Ranjit's positive outlook on life and his willingness to help others make him a beloved character in the series."
Victoria,Female,30,"Ted's girlfriend, baker","Victoria is a talented baker with a kind and gentle personality. She has a sweet and caring nature, which makes her a perfect match for Ted. Victoria is ambitious and passionate about her career, often balancing her professional aspirations with her personal life. Despite the ups and downs in her relationship with Ted, Victoria remains a positive and resilient character."
Stella Zinman,Female,35,"Ted's ex-fiancée, dermatologist","Stella Zinman is a dedicated dermatologist and Ted's ex-fiance. She is a hardworking and ambitious individual who often struggles to balance her professional responsibilities with her personal life. Stella's caring nature and commitment to her patients make her a respected doctor, but her past relationship with Ted adds complexity to her character."
Tracy McConnell,Female,28,"Ted's wife, mother of his children","Tracy McConnell is Ted's wife and the mother of his children. She is a kind-hearted and loving individual who shares Ted's romantic ideals. Tracy's musical talent and her ability to connect with others make her a perfect match for Ted. Her presence brings joy and warmth to Ted's life, and her character adds depth to the series' narrative."
Quinn Garvey,Female,32,"Barney's ex-fiancée, stripper","Quinn Garvey is a confident and independent stripper who becomes Barney's fiance. She is a strong-willed and ambitious individual who values her independence. Quinn's relationship with Barney is marked by mutual respect and admiration, and her character challenges Barney to rethink his views on relationships."
James Stinson,Male,38,"Barney's brother, married to Tom","James Stinson is Barney's brother, known for his charismatic and outgoing personality. He is married to Tom and has a loving and supportive relationship with his family. James shares many of Barney's traits, including his charm and wit, but he is more settled and family-oriented. His character adds a different dimension to Barney's story."
Kevin Venkataraghavan,Male,33,"Robin's ex-boyfriend, therapist","Kevin Venkataraghavan is a therapist and Robin's ex-boyfriend. He is a calm and patient individual who often provides valuable insights to the group. Kevin's professional expertise and his caring nature make him a supportive partner for Robin, but their relationship ultimately faces challenges due to their differing priorities."
Zoey Pierson,Female,34,"Ted's ex-girlfriend, activist","Zoey Pierson is an activist and Ted's ex-girlfriend. She is passionate about her causes and is determined to make a difference in the world. Zoey's strong-willed and outspoken nature often leads to conflicts, but her dedication to her beliefs makes her a compelling character. Her relationship with Ted is marked by both intense connection and significant disagreements."
The Captain,Male,45,"Zoey's ex-husband, sailor","The Captain is Zoey's ex-husband, known for his eccentric personality and love for sailing. He is a wealthy and charismatic individual who often appears intimidating but has a kind and caring side. The Captain's unique mannerisms and his love for adventure make him a memorable character in the series."
Patrice,Female,30,Robin's co-worker,"Patrice is Robin's co-worker and a cheerful and friendly individual. Despite Robin's often dismissive attitude towards her, Patrice remains positive and supportive. Her warm and caring nature makes her a beloved character among the group, and her unwavering optimism adds a light-hearted touch to the series."
Carl the Bartender,Male,40,Bartender at MacLaren's Pub,"Carl the Bartender is a familiar face at MacLaren's Pub, known for his friendly demeanor and supportive attitude towards the gang. He is a hardworking and reliable individual who often provides a listening ear and good advice to the group. Carl's presence at the pub adds a sense of familiarity and comfort to the series."
Wendy the Waitress,Female,28,Waitress at MacLaren's Pub,Wendy the Waitress is a kind and friendly employee at MacLaren's Pub. She is often seen serving the gang and engaging in light-hearted conversations with them. Wendy's cheerful personality and her ability to remain positive in the face of challenges make her a beloved character in the series.
Sandy Rivers,Male,40,Robin's co-anchor,"Sandy Rivers is Robin's co-anchor, known for his pompous and self-absorbed personality. He often makes inappropriate comments and has a questionable work ethic. Despite his flaws, Sandy's character provides comic relief and adds to the dynamic of the workplace setting in the series."
Nora,Female,32,Barney's ex-girlfriend,"Nora is a confident and ambitious woman who becomes Barney's girlfriend. She is intelligent and strong-willed, often challenging Barney's views on relationships. Nora's character adds depth to Barney's story as he navigates his feelings for her and his evolving perspective on love."
Jeanette Peterson,Female,27,Ted's ex-girlfriend,"Jeanette Peterson is Ted's ex-girlfriend, known for her obsessive and unpredictable behavior. She is a passionate and intense individual who often acts impulsively. Jeanette's character adds a dramatic and chaotic element to the series, highlighting Ted's journey towards finding true love."
